url,category,notes
https://reddit.com/r/productivity,productivity,Popular productivity subreddit
https://reddit.com/r/SaaS,SaaS,A subreddit for discussing innovative SaaS product ideas.
https://reddit.com/r/Entrepreneur,Entrepreneurship,A community for startup strategies and product innovations.
https://reddit.com/r/techstartups,Tech Startups,Discussions on emerging tech startups and product alternatives.
https://reddit.com/r/sidehustle,Side Hustle,Community sharing ideas for alternative income streams and products.
https://reddit.com/r/digitalmarketing,Digital Marketing,Insights into marketing products and finding alternatives.
https://reddit.com/r/startups,Startups,Community for new product ideas and proven SaaS solutions.
https://reddit.com/r/productivityhacks,Productivity,Tips and discussions on productivity product alternatives.
https://reddit.com/r/NoCode,No Code,Discussions on no-code tools as alternatives for traditional software.
https://reddit.com/r/UXDesign,UX Design,Sharing user experience insights and product improvement ideas.
https://reddit.com/r/webdev,Web Development,Discussing web products and alternative development tools.
https://reddit.com/r/Programming,Programming,Community for sharing software tools and product pain points.
https://reddit.com/r/design,Design,Discussions on design innovations and alternative design tools.
https://reddit.com/r/marketing,Marketing,Insights into viral products and marketing strategies.
https://reddit.com/r/freelance,Freelance,Community discussing tools and products that solve freelancer pains.
https://reddit.com/r/innovation,Innovation,Discussions on breakthrough products and alternative solutions.
https://reddit.com/r/startupideas,Startup Ideas,Sharing novel product ideas and SaaS innovations.
https://reddit.com/r/B2B,B2B,Discussions on business products and SaaS tools for enterprises.
https://reddit.com/r/tech,Technology,Broad discussions on tech products and alternative innovations.
https://reddit.com/r/sideprojects,Side Projects,Sharing side project ideas and product alternatives.
https://reddit.com/r/maker,Maker,A community for DIY product creation and alternative solutions.
https://reddit.com/r/webapps,Web Apps,Discussing alternatives in web application products.
https://reddit.com/r/cloudcomputing,Cloud Computing,Sharing SaaS and cloud service alternatives.
https://reddit.com/r/SmallBusiness,Small Business,Discussions on business products and cost-effective alternatives.
https://reddit.com/r/ecommerce,E-commerce,Community for online store tools and product alternatives.
https://reddit.com/r/marketingautomation,Marketing Automation,Discussing SaaS tools for marketing and product solutions.
https://reddit.com/r/finance,Finance,Discussions on financial products and SaaS alternatives.
https://reddit.com/r/business,Business,Community sharing business product ideas and proven alternatives.
https://reddit.com/r/crypto,Crypto,Exploring blockchain product alternatives and SaaS innovations.
https://reddit.com/r/growthhacking,Growth Hacking,Sharing viral marketing techniques and product alternatives.
https://reddit.com/r/technews,Tech News,Discussions on emerging tech products and alternatives.
https://reddit.com/r/future,Future,A space for discussions on futuristic product ideas and alternative solutions.
https://reddit.com/r/leanstartup,Lean Startup,Community for iterative product development and alternative tools.
https://reddit.com/r/productmanagement,Product Management,Discussing product strategies and alternatives.
https://x.com/saas_insights,SaaS,Tweets about innovative SaaS ideas and product performance.
https://x.com/tech_trends,Technology,Real-time updates on tech product alternatives and emerging innovations.
https://x.com/startup_grind,Entrepreneurship,Sharing startup journeys and proven product alternatives.
https://x.com/marketing_guru,Digital Marketing,Expert tweets on viral marketing products and innovative strategies.
https://x.com/product_ideas,Product Ideas,Curated ideas for new products and solving pain points.
https://x.com/alternative_products,Alternatives,Discussions on alternative products and SaaS tools.
https://x.com/sidehustlehq,Side Hustle,Tweets on side projects and innovative product solutions.
https://x.com/freelance_tips,Freelance,Tips and product alternatives for freelance professionals.
https://x.com/innovation_lab,Innovation,Sharing breakthrough ideas and alternative product strategies.
https://x.com/digital_nomads,Digital Nomads,Tips on productivity tools and alternative digital products.
https://x.com/startup_ideas,Startup Ideas,Daily ideas for startups and alternative SaaS products.
https://x.com/tech_insider,Tech,Insider news on technology products and alternatives.
https://x.com/UX_research,UX Design,Insights on user experience and innovative product alternatives.
https://x.com/coding_tips,Programming,Tech insights and tool alternatives for software developers.
https://x.com/design_hacks,Design,Creative design ideas and alternative design tools.
https://x.com/marketing_automation,Marketing Automation,Tweets about automating marketing and product efficiency.
https://x.com/business_growth,Business,Strategies for business product innovation and SaaS success.
https://x.com/ecommerce_news,E-commerce,Latest trends in e-commerce product alternatives.
https://x.com/cloud_innovators,Cloud,Discussing SaaS and cloud product alternatives.
https://x.com/crypto_tech,Crypto,Tweets on blockchain-based product innovations and alternatives.
https://x.com/growthhackers,Growth Hacking,Sharing viral product ideas and growth strategies.
https://x.com/lean_startup,Lean Startup,Insights into product development and iterative innovation.
https://x.com/digital_marketing,Digital Marketing,Real-time marketing trends and product strategies.
https://x.com/business_tips,Business,Expert tips on improving product strategies and alternatives.
https://x.com/tech_innovators,Tech,Updates on emerging tech products and alternative solutions.
https://x.com/productivity_tips,Productivity,Insights on productivity tools and product alternatives.
https://x.com/product_design,Product Design,Expert thoughts on design innovations and alternative products.
https://x.com/startup_funding,Startup Funding,Tweets on funding and innovative product ideas.
https://x.com/tech_reviews,Tech Reviews,Real-time reviews on tech products and alternative innovations.
https://x.com/innovation_news,Innovation,Latest updates on groundbreaking product ideas and alternatives.
https://x.com/business_innovators,Business,Community for sharing alternative business and product strategies.
https://x.com/digital_strategy,Digital Strategy,Insights on digital product trends and alternative solutions.
https://x.com/saas_success,SaaS,Highlighting successful SaaS products and innovative alternatives.
https://www.producthunt.com/posts/saas-trends,SaaS,Trending SaaS product with innovative features.
https://www.producthunt.com/posts/tech-innovator,Tech,Innovative tech product gaining traction.
https://www.producthunt.com/posts/startup-spotlight,Startup,Featured startup with alternative product solutions.
https://www.producthunt.com/posts/design-genius,Design,A product showcasing innovative design solutions.
https://www.producthunt.com/posts/productivity-boost,Productivity,Tool designed to boost productivity and streamline tasks.
https://www.producthunt.com/posts/marketing-master,Digital Marketing,SaaS tool for enhancing marketing strategies.
https://www.producthunt.com/posts/no-code-platform,No Code,Platform offering alternatives to traditional development.
https://www.producthunt.com/posts/ux-revolution,UX Design,Innovative UX tool that transforms user experience.
https://www.producthunt.com/posts/web-app-solution,Web Apps,Web app providing alternative approach to traditional software.
https://www.producthunt.com/posts/cloud-connect,Cloud,SaaS product offering cloud integration alternatives.
https://www.producthunt.com/posts/ecommerce-edge,E-commerce,Innovative e-commerce tool for modern online businesses.
https://www.producthunt.com/posts/business-optimizer,Business,Tool designed to optimize business operations and product strategies.
https://www.producthunt.com/posts/freelance-helper,Freelance,A product to solve common freelancer pain points.
https://www.producthunt.com/posts/side-project-idea,Side Projects,Unique tool to support side hustles and alternative products.
https://www.producthunt.com/posts/innovation-hub,Innovation,Hub for innovative product ideas and alternative solutions.
https://www.producthunt.com/posts/startup-launch,Startup,A startup launch featuring alternative product solutions.
https://www.producthunt.com/posts/digital-strategy,Digital Marketing,Tool to help digital strategists with product alternatives.
https://www.producthunt.com/posts/design-pro,Design,Advanced design tool offering alternative creative solutions.
https://www.producthunt.com/posts/programming-paradigm,Programming,Innovative tool to address software development challenges.
https://www.producthunt.com/posts/tech-accelerator,Tech,Accelerator program product with alternative tech solutions.
https://www.producthunt.com/posts/sales-booster,Sales,SaaS product designed to boost sales through alternative strategies.
https://www.producthunt.com/posts/crypto-solutions,Crypto,Innovative blockchain tool offering alternative crypto solutions.
https://www.producthunt.com/posts/growth-hack,Growth Hacking,Tool designed for viral growth and alternative product scaling.
https://www.producthunt.com/posts/product-management-pro,Product Management,Tool for product managers to track alternative solutions.
https://www.producthunt.com/posts/lean-product,Lean Startup,Product that embodies lean startup principles and alternative strategies.
https://www.producthunt.com/posts/alternative-tech,Tech,Product offering alternative tech approaches for modern problems.
https://www.producthunt.com/posts/marketing-automation-plus,Marketing Automation,Advanced tool for automating marketing with innovative alternatives.
https://www.producthunt.com/posts/business-innovator,Business,A tool designed for businesses seeking alternative product strategies.
https://www.producthunt.com/posts/web-dev-toolkit,Web Development,Toolkit offering alternative solutions for web developers.
https://www.producthunt.com/posts/productivity-plus,Productivity,Next-gen productivity tool offering alternative solutions.
https://www.producthunt.com/posts/sidehustle-accelerator,Side Hustle,Tool to accelerate side projects with innovative alternatives.
https://www.producthunt.com/posts/innovative-insights,Innovation,Platform for innovative insights and alternative product ideas.
https://www.producthunt.com/posts/startup-scaling,Startup,A tool designed to help startups scale through alternative strategies.
https://www.producthunt.com/posts/alternative-approach,Alternatives,A product showcasing alternative approaches to common problems.
